Country,Title,Address
United Arab Emirates,Chloé Dubai Mall,"90 58a Street, Dubai, United Arab Emirates"
United Arab Emirates,Chloé Bloomingdale's Dubai,"Dubai Mall Financial Center Road, Dubai, United Arab Emirates"
United Arab Emirates,Chloé Harvey Nichols Dubai,"Ground & 1st Floor;  Mall of the Emirates;  Sheikh Zayed road, PO Box 211186, Dubai, United Arab Emirates"
Australia,Chloé David Jones Queens Plaza Brisbane,"226 Queen St, QLD 4000, Brisbane, Australia"
Australia,Chloé David Jones Bourke Street Melbourne,"310 Bourke St, VIC 3000, Melbourne, Australia"
Australia,Chloé David Jones Elizabeth Street Sydney,"86-108 Castlereagh St, NSW 2000, Sydney, Australia"
Azerbaidjan,Chloé Port Baku,"151 Neftchiler ave, AZ1001, Baku, Azerbaidjan"
Bahrain,Chloé Saks Fifth Avenue Manama,"Fifth Avenue, 1st Floor, Manama, Bahrain"
Canada,Chloé Nordstrom Vancouver,"Nordstrom 701 W Georgia Street, V7Y1G5, Vancouver, Canada"
China Mainland,Chloé China World Shopping Mall Beijing,"Level B1, Shop SB107A, China World Shopping Mall, No. 1 Jianguomenwai Avenue, Chaoyang District, 100004, Beijing, China Mainland"
China Mainland,Chloé Seasons Place Beijing,"Level 1, Shop L101, Seasons Place, No. 2 Jinchengfang Street, Xicheng District,100032, Beijing, China Mainland"
China Mainland,Chloé SKP Beijing (RTW),"Level 4, Shop D4028-1, SKP Beijing, No. 87 Jianguo Road, Chaoyang District, 100004, Beijing, China Mainland"
China Mainland,Chloé SKP Beijing (ACC),"Level 1, Shop D1041, SKP Beijing, No. 87 Jianguo Road, Chaoyang District, 100004, Beijing, China Mainland"
China Mainland,Chloé Sino-Ocean Taikoo Li Chengdu,"Level 1 & 2, Shop 1107, Chengdu Sino-Ocean Taikoo Li Chengdu, No. 8 Shamao Middle Street, Jinjiang District, 610000, Chengdu, China Mainland"
China Mainland,Chloé Deji Plaza Nanjing,"Level 1, Shop F102, Deji Plaza, No.18 Zhongshan Road, Xuanwu District, 210005, Nanjing, China Mainland"
China Mainland,Chloé China Duty Free Haitang Bay Shopping Complex Sanya,"Shop A-F116, 1/F CDF Haitang Bay Shopping Complex; 118 Haitang North Road, 572013, Sanya, China Mainland"
China Mainland,Chloé Citic Square Shanghai,"Level 1 & 2, Shop 107-108 & 217, Citic Square, No.1168 Nanjing West Road, Jingan District, 200041, Shanghai, China Mainland"
China Mainland,Chloé Grand Gateway Shanghai,"Level 1, Shop 129-130, Grand Gateway, No. 1 Hongqiao Road, Xuhui District, 200030, Shanghai, China Mainland"
China Mainland,Chloé IAPM Shanghai,"Level 1, Shop L1-142, IAPM, No. 999 Huaihai Middle Road, Xuhui District, 200031, Shanghai, China Mainland"
China Mainland,Chloé K11 Art Mall Shanghai,"Level 1, Shop 105, K11 Art Mall, No. 300, Huaihai Middle Road, Huangpu District, 200021, Shanghai, China Mainland"
China Mainland,Chloé Forum 66 Shenyang,"Level 1, Shop 125, Forum 66, No.1 Qingnian Avenue, Shenhe District, 110013, Shenyang, China Mainland"
Germany,Chloé KaDeWe Berlin (ACC),"Ground Floor, Tauentzienstraße 21-24, 10789, Berlin, Germany"
Germany,Chloé Galeries Lafayette Berlin (ACC),"Friedrichstraße 76, 10117, Berlin, Germany"
Germany,Chloé Breuninger Dusseldorf (ACC),"Ground floor, Königsallee 2, 40212, Dusseldorf, Germany"
Germany,Chloé Breuninger Stuttgart,"Ground floor, Marktstraße 1-3, 70173, Stuttgart, Germany"
France,Chloé Saint-Honoré Paris,"253 Rue Saint-Honoré, 75001, Paris, France"
France,Chloé Montaigne Paris,"50 Avenue Montaigne, 75008, Paris, France"
France,Chloé Galeries Lafayette Paris (SHOES),"1st floor, 40 boulevard Haussmann, 75009, Paris, France"
France,Chloé Galeries Lafayette Paris (ACC),"Ground floor - 40, boulevard Haussmann, 75009, Paris, France"
France,Chloé Printemps Paris (ACC),"Ground floor, 64 boulevard Haussmann, 75009, Paris, France"
France,Chloé Printemps Paris (RTW),"2nd floor, 64 boulevard Haussmann, 75009, Paris, France"
France,Chloé Printemps Louvre Paris (ACC),"Carrousel du Louvre, 99 Rue de Rivoli, 75001, Paris, France"
France,Chloé Galeries Lafayette Strasbourg (ACC),"34 Rue du Vingt-Deux Novembre, 67000, Strasbourg, France"
France,Chloé Galeries Lafayette Nice (ACC),"Ground floor, 6 Avenue Jean Médecin, 6000, Nice, France"
France,Chloé Printemps Paris (SHOES),"Fifth Floor - 64, boulevard Haussmann, 75009, Paris, France"
United Kingdom,Chloé Selfridges &amp; Co London (RTW),"2nd floor, 400 Oxford street, W1A 1AB, London, United Kingdom"
United Kingdom,Chloé Selfridges &amp; Co London (ACC),"Ground floor, 400 Oxford Street, W1A 1AB, London, United Kingdom"
Guam,Chloé Guam AB Won Pat Internationl Airport Tamuning,"Tract 1427 Blk 5 Lot 2; AB Won Pat International Airport Bldg, 96913, Tamuning, Guam"
Guam,Chloé DFS Galleria Guam Tumon Bay,"1296 Pale San Vitores Road, 96911, Tumon Bay, Guam"
Guam,Chloé Tumon Sands Plaza Tumon Bay,"1st Floor, 1082 Pale San Vitores Road, 96913, Tumon Bay, Guam"
"Hong Kong, SAR of China",Chloé Pacific Place Hong Kong,"Shop 231, Level 2, Pacific Place; 88 Queensway, Admiralty, Hong Kong, Hong Kong, SAR of China"
"Hong Kong, SAR of China",Chloé IFC Mall Hong Kong,"Shop 2081, ifc Mall; 8 Finance Street, Central, Hong Kong, Hong Kong, SAR of China"
"Hong Kong, SAR of China",Chloé Sogo Hong Kong,"Shop 1-16, 1/F, Sogo; Causeway Bay, Hong Kong, Hong Kong, SAR of China"
"Hong Kong, SAR of China",Chloé Harbour City Hong Kong,"G207, Ground Floor, Gateway Arcade, Harbour City, Kowloon, Hong Kong, Hong Kong, SAR of China"
"Hong Kong, SAR of China",Chloé Lane Crawford IFC Mall Hong Kong,"Podium 3, ifc Mall; 8 Finance Street, Central, Hong Kong, Hong Kong, SAR of China"
"Hong Kong, SAR of China",Chloé Lane Crawford Times Square Hong Kong,"Times Square, 1 Matheson Street; Causeway Bay, Hong Kong, Hong Kong, SAR of China"
"Hong Kong, SAR of China",Chloé Lane Crawford Canton Road Kowloon,"3 Canton Road; Tsim Sha Tsui, Kowloon, Hong Kong, SAR of China"
Italy,Chloé Spiga Milan,"Via della Spiga, 30, 20121, Milan, Italy"
Japan,Chloé Fukuoka Iwataya,"New Building 3F, 2-5-35 Tenjin; Chuo-Ku, 810-8680, Fukuoka, Japan"
Japan,Chloé Kobe Daimaru,"2F, 40 Akashi-cho; Chuo-ku, 650-0037, Kobe, Japan"
Japan,Chloé Kyoto Daimaru,"2F, 79 Takakura-nishi hairu tachiurinishi-cyo, Shijyo-dori; Shimogyou-ku, 600-8511, Kyoto, Japan"
Japan,Chloé Mitsukoshi Nagoya Sakae Store,"2F, 3-5-1 Sakae; Naka-ku, 460-8669, Nagoya, Japan"
Japan,Chloé Daimaru Shinsaibashi Osaka,"Main building. 3F, 1-7-1 Shinsaibashi-Suji, Chuo-Ku, Japan"
Japan,Chloé Osaka Takashimaya,"2F 5-1-5 Namba; Chuo-ku, 542-8510, Osaka, Japan"
Japan,Chloé Kansai International Airport Osaka,"Kansai International Airport Passenger Terminal Bldg.; Naka 1-Banch, Sensyu Kuko, Tajiri-cho, Sennan-gun, 549-8681, Osaka, Japan"
Japan,Chloé Sapporo Marui-Imai,"Ichijo-kan 2F, 2 Minami-Ichijo Nishi; Chuo-ku, 060-0061, Sapporo, Japan"
Japan,Chloé Shinjuku Isetan Tokyo,"Main Building 3F, 3-14-1 Shinjuku;  Shinjuku-ku, 160-0022, Tokyo, Japan"
Japan,Chloé Ginza Matsuya Tokyo,"2F, 3-6-1 Ginza; Chuo-Ku, 104-8130, Tokyo, Japan"
Japan,Chloé Seibu Ikebukuro Tokyo,"4F, 1-28-1, Minami-Ikebukuro; Toshima-ku, 171-8569, Tokyo, Japan"
Japan,Chloé Seibu Shibuya Tokyo,"Building B, 3F, 21-1 Udagawacho; Shibuya-ku, 150-8330, Tokyo, Japan"
Japan,Chloé Daimaru Tokyo (ACC),"2F, 1-9-1 Marunouchi; Chiyoda-ku, 100-6701, Tokyo, Japan"
Japan,Chloé Shinjuku Isetan Tokyo (ACC),"Main Building 1F, 3-14-1 Shinjuku; Shinjuku-ku, 160-0022, Tokyo, Japan"
Japan,Chloé Ginza Mitsukoshi Tokyo (ACC),"1F, 4-6-16 Ginza; Chuo-Ku, 104-8212, Tokyo, Japan"
Japan,Chloé Yokohama Sogo,"2F, 2-18-1 Takashima; Nishi-Ku, 220-8510, Yokohama, Japan"
Japan,Chloé Yokohama Takashimaya,"2F, 1-6-31 Minami-Saiwai; Nishi-ku, 220-8601, Yokohama, Japan"
South Korea,Chloé Shinsegae Times Square Seoul,"1F, 15 Yeongjung-ro, Yeongdeungpo-gu, Seoul, South Korea"
South Korea,Chloé Lotte Main Avenuel,"4F, 81 Namdaemun-ro, Sogong-dong, Jung-gu, Seoul, South Korea"
Lebanon,Chloé Aishti By The Sea Beirut,"Ground Floor, Seaside, Jal El Dib, Beirut, Lebanon"
Netherlands,Chloé De Bijenkorf Amsterdam,"De Bijenkorf (ground floor), Dam 1, 1012 JS, Amsterdam, Netherlands"
Philippines,Chloé Fiesta Mall Duty Free Paranaque City,"2/F, Fiesta Mall, Columbia Complex; Ninoy Aquino Avenue, 1700, Paranaque City, Philippines"
Philippines,Chloé Ninoy Aquino Airport Duty Free Pasay City,"Ninoy Aquino International Airport, 1300, Pasay City, Philippines"
Russian Federation,Chloé Barvikha Luxury Village Moscow,"Rublevo-Uspenskoye Shosse 8, Odinzovo District, Barvikha Village, 143083, Moscow, Russian Federation"
Russian Federation,Chloé Ekaterinburg,"99 Sakko i Vantsetti str, 620014, Ekaterinburg, Russian Federation"
Kingdom of Saudi Arabia,Chloé Centria Mall Riyadh,"Ground Floor - Prince Muhammad Ibn Abdulaziz Rd;Al Olaya, PO Box 88942, Riyadh, Kingdom of Saudi Arabia"
Singapore,Chloé Dufry Changi Airport T2 Singapore,"unit no. 026-084-04, Departure / transit Lounge South, Terminal 2, Changi airport, 918142, Singapore, Singapore"
Turkey,Chloé Beymen Zorlu Center Instanbul,"Zorlu alışveriş merkezi - Zincirlikuyu, 34340, Istanbul, Turkey"
"Taiwan, China",Chloé Far Eastern Top City Taiwan,"1/F, No.251, Sec. 3, Taiwan Blvd.; Xitun Dist., 407, Taichung, Taiwan, China"
"Taiwan, China",Chloé Breeze Center Taipei,"1/F, No. 39, Sec. 1 Fuxing S. Rd.; Songshan Dist., 105, Taipei, Taiwan, China"
"Taiwan, China",Chloé Everrich Neihu Downtown Duty Free Taipei,"2/F, No.129, Jinzhuang Rd.; Neihu Dist., 11469, Taipei, Taiwan, China"
"Taiwan, China",Chloé Taoyuan International Airport,"Taoyuan International Airport; Terminal 2 International departure hall; No.9 Hangzhan S.Road, Dayuan Township, 33758, Taoyuan, Taiwan, China"
Ukraine,Chloé Kyiv,"15/4 Khreshatyk str, Passage, 1001, Kyiv, Ukraine"
United States of America,Chloé Bal Harbour,"Bal Harbour Shops; 9700 Collins Avenue, Store #116, 33154, Bal Harbour, United States of America"
United States of America,Chloé Nordstrom Bellevue,"100 Bellevue Square, 98004, Bellevue, United States of America"
United States of America,Chloé Neiman Marcus Beverly Hills,"9700 Wilshire Blvd, 90212, Beverly Hills, United States of America"
United States of America,Chloé Nordstrom Chicago,"55 E Grand Avenue, 60611, Chicago, United States of America"
United States of America,Chloé Neiman Marcus Coral Gables,"Village of Merrick Park; 390 San Lorenzo Ave, 33146, Coral Gables, United States of America"
United States of America,Chloé South Coast Plaza Costa Mesa,"South Coast Plaza; 3333 Bristol Street, Suite 2225, 92626, Costa Mesa, United States of America"
United States of America,Chloé Wynn Las Vegas,"3131 Las Vegas Boulevard South, Suite 100, 89109, Las Vegas, United States of America"
United States of America,Chloé Forum Shops Las Vegas,"The Forum Shops at Caesars; 3500 South Las Vegas Blvd, Space #G19A, 89109, Las Vegas, United States of America"
United States of America,Chloé Melrose Place Los Angeles,"8448 Melrose Place, 90069, Los Angeles, United States of America"
United States of America,Chloé Saks Fifth Avenue Los Angeles,"9600 Wilshire Boulevard, 90212, Los Angeles, United States of America"
United States of America,Chloé Soho New York,"93 Greene Street, 10012, New York, United States of America"
United States of America,Chloé Bergdorf Goodman New York,"754 Fifth Avenue, 10019, New York, United States of America"
United States of America,Chloé Saks Fifth Avenue New York,"611 Fifth Avenue, 10022, New York, United States of America"
France,Chloé Galeries Lafayette Paris (RTW),"First floor, 40, boulevard Haussmann, 75009, Paris, France"
China Mainland,See By Chloé SKP Beijing,"Level B1, Shop B1005; SKP Beijing, No. 87 Jianguo Road, Chaoyang District, 100004, Beijing, China Mainland"
Australia,See By Chloé David Jones Bourke Street Melbourne,"310 Bourke St, 3000, Melbourne, Australia"
Australia,See By Chloé David Jones Elizabeth Street Sydney,"86-108 Castlereagh St, 2000, Sydney, Australia"
Spain,Chloé El Corte Inglès Serrano,"C. de Serrano, 47, 28001 Madrid, Spain, Spain"
France,See By Chloé Printemps Paris (ACC),"4th floor; 64 boulevard Haussmann, 75009, Paris, France"
France,See By Chloé Le Bon Marché Paris (ACC),"Ground floor; 24 rue de sèvres, 75007, Paris, France"
France,See By Chloé Le Bon Marché Paris (RTW),"1st floor; 24 rue de sèvres, 75007, Paris, France"
France,See By Chloé Galeries Lafayette Paris,"ground floor; 40 boulevard Haussmann, 75009, Paris, France"
France,See By Chloé Printemps Paris (RTW),"floor -1; 64 boulevard Haussmann, 75009, Paris, France"
United Kingdom,See By Chloé Selfridges London,"3rd floor, Selfridges & Co;400 Oxford Street, W1A 1AB, London, United Kingdom"
"Hong Kong, SAR of China",See By Chloé Harvey Nichols Landmark Hong Kong,"Landmark; 1/F Harvey Nichols Landmark; 15 Queen's Road Central, , Hong Kong, Hong Kong, SAR of China"
"Hong Kong, SAR of China",See By Chloé Harvey Nichols Pacific Place Hong Kong,"Pacific Place; G/F Harvey Nichols Pacific Place; 88 Queensway, , Hong Kong, Hong Kong, SAR of China"
Japan,See By Chloé Nagoya Mitsukoshi,"Nagoya Mitsukoshi 3F, 3-5-1 Sakae, Naka-ku, 460-8669, Nagoya, Japan"
Japan,See By Chloé Daimaru Shinsaibashi Osaka,"Daimaru Shinsaibashi North Building 4F, 1-7-1 Shinsaibashi Chuo-ku, 542-8501, Osaka, Japan"
Japan,See By Chloé Sogo Yokohama,"Sogo Yokohama 3F, 2-18-1 Takashima, Nishi-ku, 220-8510, Yokohama, Japan"
Japan,See By Chloé Nagoya Takashimaya,"Nagoya Takashimaya 4F, 1-1-4 Meieki, Nakamura-ku, 460-6001, Nagoya, Japan"
Japan,See By Chloé Iwataya Fukuoka,"Iwataya 2F, 2-5-35 Tenjin, Chuo-ku;, 810-8680, Fukuoka, Japan"
Japan,See By Chloé Ginza Mitsukoshi Tokyo,"Ginza Mitsukoshi 3F, 4-6-16 Ginza Chuo-ku, 104-8212, Tokyo, Japan"
Japan,See By Chloé Nishinomiya Hankyu Hyogo,"Nishinomiya Hankyu 2F, 14-1 Takamatsu-cho, Nishinomiya-shi, 663-8204, Hyogo, Japan"
Japan,See By Chloé Osaka Takashimaya,"Osaka Takashimaya 3F, 5-1-5 Namba, Chuo-ku, 542-8510, Osaka, Japan"
Japan,See By Chloé Isetan Niigata,"Isetan Niigata 3F, 1-6-1 Yachiyo, Chuo-ku, Japan"
Japan,See By Chloé Okayama Tenmaya,"Okayama Tenmaya 2F, 2-1-1 Omote-machi, Kita-ku, 700-8625, Okayama, Japan"
Japan,See By Chloé Diver City Tokyo,"Diver City Tokyo Plaza 3F, 1-1-10 Aomi, Koto-ku, 135-0064, Tokyo, Japan"
United Arab Emirates,See By Chloé Harvey Nichols Dubai,"1st floor - Sheikh Zayed Road - Dubai, UAE, Dubai, United Arab Emirates"
United Arab Emirates,See By Chloé Bloomingdales Dubai,"1st Floor - Financial Centre Road, Dubai, United Arab Emirates"
"Macau SAR, China",See By Chloé New Yaohan Macau,"Shop N°3-11, 1/F, New Yaohan department store, Macau, Macau SAR, China"
Singapore,See By Chloé Robinsons Singapore,"Singapore Robinsons; 260 Orchard Road, 238855, Singapore, Singapore"
Canada,See By Chloé Nordstrom Vancouver,"CF Pacific Center 799 Robson Street Vancouver, British Columbia V7Y 0A2 Canada, V7Y 0A2, Vancouver, Canada"
United States of America,See By Chloé Nordstrom Chicago,"The Shops at North Bridge, 55 E Grand Ave, IL 60611, Chicago, United States of America"
United States of America,See By Chloé Nordstrom Aventura,"Aventura Mall, 19507 Biscayne Blvd, FL 33180, Aventura, United States of America"
Canada,See By Chloé Saks Toronto,"CF Toronto Eaton Centre, Hudson's Bay Queen Street, 176 Yonge St, ON M5C 2L7, Toronto, Canada"
United States of America,See By Chloé Saks New York,"611 5th Ave, NY 10022, New York, United States of America"
United States of America,See By Chloé Saks Houston,"5175 Westheimer Rd, TX 77056, Houston, United States of America"
United States of America,See By Chloé Saks Bal Harbour,"Bal Harbour Shops, 9700 Collins Ave, FL 33154, Bal Harbour, United States of America"
United States of America,See By Chloé Saks Greenwhich,"205 Greenwich Ave;, CT 06830, Greenwich, United States of America"
United States of America,See By Chloé Neiman Marcus Dallas,"Northpark Center, 8687 N Central Expy;, TX 75225, Dallas, United States of America"
United States of America,See By Chloé Neiman Marcus Beverly Hills,"9700 Wilshire Blvd, CA 90212, Beverly Hills, United States of America"
United States of America,See By Chloé Neiman Marcus Coral Gables,"Shops at Merrick Park, 390 San Lorenzo Ave;, FL 33146, Coral Gables, United States of America"
United States of America,See By Chloé Neiman Marcus Atlanta,"Lenox Square, 3393 Peachtree Rd;, GA 30326, Atlanta, United States of America"
United States of America,See By Chloé Bergdorf Goodman New York,"754 5th Ave, NY 10019, New York, United States of America"
Canada,See By Chloé Holt Renfrew Vancouver,"CF Pacific Centre, 737 Dunsmuir St, BC V7Y 1E4, Vancouver, Canada"
Canada,See By Chloé Holt Renfrew Toronto,"Holt Refrew Centre, 50 Bloor St W, ON M4W 1A1, Toronto, Canada"
China Mainland,See By Chloé Hangzhou Grand Canal Place,"A110 store, Grand canal place,no 58 Lishui road, Gongshu district, Hangzhou city, Zhejiang province, 310015, Hangzhou, China Mainland"
Japan,See By Chloé Nihonbashi Takashimaya Tokyo,"Nihonbashi Takashimaya 3F, 2-4-1 Nihonbashi, Chuo-ku, Japan"
Japan,See By Chloé Sogo Hiroshima,"1F, 6-27, Motomachi, Naka-ku,, 730-8501, Hiroshima, Japan"
Australia,Chloé David Jones Pacific Fair Gold Coast,"2 Hooker Blvd, Broadbeach, QLD 4218, Gold Coast, Australia"
New Zealand,Chloé David Jones Wellington,"165/167 Lambton Quay, 6011, Wellington, New Zealand"
China Mainland,Chloé Shenzhen MixC Mall,"Level 1, Shop 156, the MixC, No.1881 South Baoan Road, Luohu District, 518001, Shenzhen, China Mainland"
China Mainland,Chloé Chongqing MixC Mall,"Level 1, Shop L180, the MixC, No.55 Xiejiawan Central Street, Jiulongpo District, Chongqing, 400050, Chongqing, China Mainland"
China Mainland,Chloé Hangzhou MixC Mall,"Level 1, Shop L101, the MixC, No.701 Fu Chun Road, Jianggan District, Hangzhou, Zhejiang Province, 310016, Hangzhou, China Mainland"
Germany,Chloé KaDeWe Berlin (RTW),"Second floor, Tauentzienstraße 21-24, 10789, Berlin, Germany"
France,Chloé Galeries Lafayette Paris Haussmann Paris (SHOES),"Basement - 40, boulevard Haussmann, 75009, Paris, France"
United Kingdom,Chloé New Bond Street London,"143 New Bond St, Mayfair, W1S 2TP, London, United Kingdom"
United Kingdom,Chloé Selfridges &amp; Co Manchester (ACC),"Ground Floor, 1 Exchange Square Central, M3 1BD, Manchester, United Kingdom"
Guam,Chloé Saipan the ARC Saipan,"1/F, The Arc, Beach Road, Garapan, 96950, Saipan, Guam"
Ireland,Chloé Brown Thomas Dublin,"Ground floor, 88-95 Grafton Street, D02, Dublin, Ireland"
Japan,Chloé Omotesando Tokyo,"Omotesando Hills 1F, 4-12-10 Jingumae, Shibuya-ku, 150-0001, Tokyo, Japan"
Japan,Chloé Ginza Tokyo,"7-8-4, GINZA, Chuo-ku, 104-0061, Tokyo, Japan"
Japan,Chloé Shinjuku Isetan Tokyo (SHOES),"Main Building 2F, 3-14-1 Shinjuku; Shinjuku-ku, 160-0022, Tokyo, Japan"
South Korea,Chloé Lotte Sogong Duty Free Seoul,"11/F,Hotel Lotte Duty Free Shop, 1 Sogong-dong, Jung-Ku, Seoul 100-070, 100-070, Seoul, South Korea"
South Korea,Chloé Shinsegae Daegu,"5F, 149 Dongbu-ro, Sincheon-dong, Dong-gu, Daegu, South Korea"
South Korea,Chloé Shinsegae Main Seoul,"2F, 63 Sogong-ro, Jung-gu, Seoul, South Korea"
South Korea,Chloé The Galleria Seoul,"3F, 407 Apgujeong-ro, Gangnam-gu, Seoul, South Korea"
South Korea,Chloé Shinsegae Centum City Busan,"2F, 35 Centumnam-daero, U-dong, Haeundae, Busan, South Korea"
South Korea,Chloé Shinsegae Myeongdong DF Seoul,"8/F, Shinsegae Myeongdong Duty Free shop, 77 Toegye-Ro, Jung-Gu, Seoul, South Korea"
South Korea,Chloé Shinsegae Gangnam Seoul,"3F, 176 Sinbanpo-ro, Seocho-gu, Seoul, South Korea"
South Korea,Chloé Lotte Worldtower DF Seoul,"8/F, Avenuel-dong, Lotte World mall, 300 Olympic-Ro, Songpa-Gu, Seoul, South Korea"
Kuwait,Chloé Bloomingdale's 360 Mall Kuwait,"1st floor - Safat - Kuwait, PO Box 211186, Safat, Kuwait"
Russian Federation,Chloé Tsum Moscow (RTW),"3rd floor, 2 Petrovka Street, 125009, Moscow, Russian Federation"
Singapore,Chloé DFS Singapore Changi Airport T3 Singapore,"Changi Airport Terminal 3, 918142, Singapore, Singapore"
Canada,Chloé Nordstrom Yorkdale,"3401 Dufferin St Unit 500, ON M6A 2T9, Yorkdale, Canada"
United States of America,Chloé Nordstrom South Coast Plaza Costa Mesa,"3333 Bristol Street, CA 92626, Costa Mesa, United States of America"
Germany,Chloé Oberpollinger Munich,"Ground floor, Neuhauser Str. 18, 80331, Munich, Germany"
China Mainland,Chloé SKP Xi'an,"Level 2, Shop A2025, SKP Xi'an, No.111 Nanguanzheng Road, Beilin District, 710068, Xi'an, China Mainland"
China Mainland,See By Chloé SKP Xi'an,"Level B1, Shop UA1004, SKP Xi'an, No.111 Nanguanzheng Road, Beilin District, 710068, Xi'an, China Mainland"
Canada,Chloé Yorkdale Toronto,"Unit No. 220A,; Yorkdale Shopping Centre 3041 Dufferin Street, ON M6A 2T9, Toronto, Canada"
"Hong Kong, SAR of China",Chloé Elements Hong Kong,"Shop 2099; The Elements; 1 Austin Road West, Tsim Sha Tsui, Kowloon, , Hong Kong, Hong Kong, SAR of China"
"Taiwan, China",Chloé Breeze Nanshan,"1/F, No.17, Songzhi Rd., Xinyi Dist., 110, Taipei, Taiwan, China"
United Kingdom,Chloé Harvey Nichols Knightsbridge London,"109-125, Knightsbridge, Knightsbridge, SW1X 7RJ, London, United Kingdom"
Sweden,See By Chloé NK Stockholm (ACC),"Ground Floor, Hamngatan 18-20, 111 47, Stockholm, Sweden"
Australia,Chloé David Jones Chadstone Melbourne,"Chadstone Shopping Centre, 1341 Dandenong Rd, VIC 3148, Melbourne, Australia"
China Mainland,Chloé Haikou Meilan Airport,"Haikou Airport West Wing G06, The Isolation Area of The Domestic Terminal, Meilan Int’Airport,Haikou City, Hainan Province, 570203, Haikou, China Mainland"
"Hong Kong, SAR of China",Chloé Duty Free DFS T Galleria Hong Kong,"1F, Lippo Sun Plaza, 28 Canton Road, Tsim Sha Tsui,, , Hong Kong, Hong Kong, SAR of China"
"Macau SAR, China",Chloé Four Seasons Macau,"Shop 2812, Level 2, Shoppes at Four Seasons, Estrada da Baia de Nossa Senhora da Esperanca, Macau, Macau SAR, China"
Malaysia,See By Chloé Robinsons Kuala Lumpur,"Shoppes at Four Seasons Place, 145, Jalan Ampang, 50450, Kuala Lumpur, Malaysia"
Singapore,Chloé Marina Bay Sands Singapore,"2 Bayfront Avenue, B1-118-120, The Shoppes at Marina Bay Sands, 18972, Singapore, Singapore"
South Korea,Chloé Shinsegae Cheongdam Dong Seoul,"452 Apgujeong-ro Gangnam-gu, 6015, Seoul, South Korea"
New Zealand,Chloé Workshop Newmarket Auckland,"18 Morrow Street, Newmarket, 1023, Auckland, New Zealand"
New Zealand,See By Chloé Workshop Newmarket Auckland,"18 Morrow Street, Newmarket, 1023, Auckland, New Zealand"
New Zealand,Chloé Workshop Ponsonby Auckland,"74 Mackelvie Street Ponsonby, 1021, Auckland, New Zealand"
New Zealand,See By Chloé Workshop Ponsonby Auckland,"74 Mackelvie Street Ponsonby, 1021, Auckland, New Zealand"
Philippines,Chloé Adora Greenbelt Manila,"Ayala Center, 2/F, Greenbelt 5, Makati, 1228, Manila, Philippines"
Philippines,Chloé Adora Shangri-La Manila,"Shangri-La Plaza, Shaw Boulevard, Ortigas Center, Mandaluyong, , Manila, Philippines"
Malaysia,Chloe Pavilion,"lot 3.61, Level 3, 168, Jalan Bukit Bintang, 55100 Kuala Lumpur, Malaysia, Malaysia"
Vietnam,Chloé Runway Rex Hotel Ho Chi Minh,"Rex Hotel, 155 Nguyễn Huệ, Bến Nghé, Quận 1, , Ho Chi Minh, Vietnam"
Vietnam,Chloé Runway Hanoi,"31 Hai Ba Trung Street, Hoan Kiem District, , Hanoi, Vietnam"
Singapore,Chloé Club 21 Four Seasons Singapore,"190 Orchard Blvd, #01-01/02 Four Seasons Hotel, 248646, Singapore, Singapore"
Australia,Chloé David Jones Central Plaza Adelaide,"Adelaide Central Plaza, 100 Rundle Mall Adelaide, SA 5000, Adelaide, Australia"
Australia,See By Chloé David Jones Central Plaza Adelaide,"Adelaide Central Plaza, 100 Rundle Mall Adelaide, SA 5000, Adelaide, Australia"
Australia,Chloé David Jones Hay Street Perth,"622 Hay St, WA 6000, Perth, Australia"
Australia,See By Chloé David Jones Hay Street Perth,"622 Hay St, WA 6000, Perth, Australia"
Australia,Chloé David Jones Bondi Beach Sydney,"Levels 1-4 Westfield Bondi Junction, 500 Oxford St, NSW 2022, Sydney, Australia"
Australia,See By Chloé David Jones Bondi Beach Sydney,"Levels 1-4 Westfield Bondi Junction, 500 Oxford St, NSW 2022, Sydney, Australia"
Australia,Chloé Parlour X Sydney,"261 Oxford St Paddington, NSW 2021, Sydney, Australia"
Australia,Chloé Marais Melbourne,"73-77 Bourke Street, 3000, Melbourne, Australia"
Australia,Chloé Sneakerboy Bourke Street Melbourne,"265 Little Bourke Street, 3000, Melbourne, Australia"
Australia,Chloé Sneakerboy Chadstone Melbourne,"Shop G034 Chadstone Shopping Centre, 1341 Dandenong Rd, Chadstone, Victoria, 3148, Melbourne, Australia"
Australia,Chloé Sneakerboy Temperance Sydney,"3 Temperance Lane, NSW 2000, Sydney, Australia"
Australia,Chloé Sneakerboy Pacific Fair Gold Coast,"Shop 1558, Ground Floor, Pacific Fair Shopping Centre, 2-32 Hooker Boulevard, Broadbeach Queensland, 4218, Gold Coast, Australia"
Japan,Chloé Sogo Hiroshima,"2F, 6-27, Motomachi, Naka-ku,, 730-8501, Hiroshima, Japan"
United States of America,Chloé Saks Fifth Avenue Houston,"5115 Westheimer Rd, 77056, Houston, United States of America"
China Mainland,See by Chloé Shanghai IFC,"LG1-60, No. 8 Century Avenue; Shanghai IFC, 200120, Shanghai, China Mainland"
China Mainland,See by Chloé Shanghai Reel,"L318, No. 1601 Nanjing West Road; Shanghai Reel, 200040, Shanghai, China Mainland"
China Mainland,See by Chloé Changsha IFS,"L150B, No. 137, Jiefang West Road; Changsha IFS, 410000, Changsha, China Mainland"
China Mainland,See by Chloé Shenzhen Coastal City,"Shop 176, 33 Wenxin Wu Road; Shenzhen Coastal City, 518054, Shenzhen, China Mainland"
China Mainland,See by Chloé Xiamen Powerlong One,"LG 2/016, Building 2, No.1 Jinshan Road; Xiamen Powerlong One Mall, 361001, Xiamen, China Mainland"
China Mainland,See by Chloé Dalian Parkland,"G42, 19 Jie Fang Road; Dalian Parkland, 116001, Dalian, China Mainland"
China Mainland,Chloé Galeries Lafayette Beijing,"Level 1, 110 Xi Dan North Road; Galeries Lafayette, 100032, Beijing, China Mainland"
United States of America,See By Chloé Bloomingdales New York,"1000 Third Avenue 59th Street and, Lexington Ave, NY 10022, New York, United States of America"
South Korea,Chloé Lotte City Hotel Jeju,"83, Doryeong-ro, Jeju-si, Jeju-do, 690-818, South Korea"
South Korea,Chloé Shilla HDC iPark Seoul,"4F, 55 Hangang-daero 23-gil, Yongsan-gu, 4377, Seoul, South Korea"
China Mainland,Chloé CDFG Beijing T3 Duty Free Airport,"Beijing Capital International Airport Terminal3, International Departure Hall -Gate E20, 100621, Beijing, China Mainland"
China Mainland,Chloé CDFG Guangzhou T2 Duty Free Airport,"Guangzhou New Baiyun International Airport Terminal2, International Departure Hall—T23R85(B), 510000, Guangzhou, China Mainland"
China Mainland,Chloé Dufry Guangzhou T2 Duty Paid Airport,"3F, Domestic, Guangzhou Baiyun International Airport T2, Guangdong, 510075, Guangzhou, China Mainland"
Italy,Chloé La Rinascente Milan (ACC),"Mezzanine floor - La Rinascente, Piazza Duomo, 20121, Milan, Italy"
Italy,Chloé La Rinascente Milan (RTW),"3rd floor - La Rinascente;Piazza Duomo, 20121 Milano MI, Italy"
Italy,See By Chloé La Rinascente Milan,"4th Floor - La Rinascente, Piazza Duomo, 20121 Milano MI, Italy"
Italy,Chloé La Rinascente Rome (ACC),"Groundfloor - La Rinascente, Via del Tritone 61, 187, Rome, Italy"
Canada,Chloé Dufry Toronto Pearson Airport Terminal 3 International,"6301 Silver Dart Drive, L5P 1B2, Toronto, Canada"
Kuwait,Chloe The Avenues Mall Al Rai,"Al-Rai- 5th Ring Road, , Al Rai, Kuwait"
Japan,Chloé Umeda Hankyu 3F Osaka,"Hankyu Umeda 3F, 8-7 Kakudacho, Kita-Ku, Osaka-shi, 530-8350, Osaka, Japan"
Japan,Chloé Umeda Hankyu Osaka (ACC),"1F, 8-7 Kakudacho, Kita-Ku, Japan"
Australia,Chloé Veranda Victoria,"1155 High St, Armadale, VIC 3143, Melbourne, Australia"
United States of America,Chloé Bloomingdale’s New York 59th Street (ACC),"1000 Third Avenue, 59th St & Lexington Ave, New York, United States of America"
Poland,Chloé Vitkac Warsaw,"9 Bracka str, 00-501 Warsaw, Poland"
Switzerland,Chloé Zurich,"Bahnhofstrasse 11, 8001 Zurich, Switzerland"
South Korea,Chloé Lotte Busan Avenuel,"1F, 772 Gaya-daero, Busanjin-gu, Busan, South Korea"
South Korea,Chloé Lotte Department Store Myeong-Dong Seoul,"9-12th Fl. LOTTE Duty Free Store, 1, Sogong-dong, Jung-gu, Seoul, South Korea"
"Taiwan, China",Chloé A13 Taiwan,"1/F, No. 58, Songren Rd., Xinyi Dist., Taipei City, Taiwan, Taiwan, China"
South Korea,Chloé Daejeon Shinseage Art &amp; Science,"2F, 1 Expo-ro, Yuseong-gu, Daejeon, South Korea"
"Taiwan, China",Chloé E-sky Mall Kaoshiung,"1/F, No. 115, Dashun 1st Rd., Gushan Dist., Taiwan, China"
Japan,Chloé Tsuruya Kumamoto ACC,"Higashikan 2F, 6-1 Tedorihoncho, Chuo-ku, Kumamoto-shi, 860-8586, Kumamoto, Japan"
United States of America,Chloé Madison New York,"715 Madison Ave, 10065, New York, United States of America"
Qatar,Chloé Place Vendome Mall Lusail,"Place Vendome Mall, Gate Fabourg n.5, Lusail, Qatar"
United Kingdom,Chloé Harrod's London,"1st floor, 87-135 Brompton Road, Knightsbridge, SW1X 7XL, London, United Kingdom"
Japan,Chloé Kobe Hankyu - Le Glacier Hyogo,"Kobe Hankyu New building. 2F, 8-1-8 Onoe-dori, Chuo-Ku, Kobe-shi, 651-8511, Hyogo, Japan"
Spain,Chloé El Corte Inglès Serrano,"C. de Serrano, 47, 28001 Madrid, Spain, Spain"
Qatar,Chloé Hamad International Airport,"Located in Hamad International Airport - Viale del Lusso, Doha, Qatar, Qatar"
Qatar,Chloé Printemps Doha,"Located in Printemps Doha - 1st Floor - Doha Oasis - Al Khaleej St, Doha, Qatar, Qatar"
United Arab Emirates,Chloé Tryano Abu Dhabi,"Located in Tryano - Ground Floor, Yas Mall, Abu Dhabi, United Arab Emirates, United Arab Emirates"
Japan,Chloé Kanazawa Daiwa,"Daiwa Korinbo 1F, 1-1-1 Korinbo, Kanazawa-shi, 920-8550, Ishikawa, Japan, Japan"
