Region,Title,Address
CHINA,Shanghai,"Shop No. W-L1-26b of Shanghai Qiantan Taikooli, No. 1-9, Lane 500, Dong Yu Road, Pudong District, Shanghai"
AUSTRALIA,ADELAIDE,265 Rundle Street Adelaide 5000
AUSTRALIA,ARMADALE,1027-1029 High Street Armadale 3143
AUSTRALIA,BONDI,"Shop 3046-49, Level 3, Westfield Bondi"
AUSTRALIA,BRISBANE,"Queens Plaza, Level 1 Brisbane 4000"
AUSTRALIA,CHADSTONE,"Chadstone Shopping Center, Ground Level, 3148"
AUSTRALIA,CHATSWOOD,"Chatswood Chase, Level 1 Chatswood 2067"
AUSTRALIA,CLAREMONT,23 St Quentins Avenue Claremont 6010
AUSTRALIA,Doncaster,"Westfield Doncaster, Level 1 Doncaster 3108"
AUSTRALIA,Emporium,"Emporium Shopping Centre, Level 2, Melbourne 3000"
AUSTRALIA,Indooroopilly,"Indooroopilly Shopping Centre, Level 2, 4068"
AUSTRALIA,James St,3 / 19 James Street Fortitude Valley 4006
AUSTRALIA,Macquarie,"Macquarie Shopping Centre, Level 2, North Ryde 2113"
AUSTRALIA,MELBOURNE OUTLET,94 Cubitt St Cremorne 3121
AUSTRALIA,MIRANDA,"Miranda Westfield, Level 2, Miranda 2228"
AUSTRALIA,PACIFIC FAIR,"Pacific Fair Shopping Centre, Ground Floor, 4218"
AUSTRALIA,Paddington,2 / 2 - 16 Glenmore Road Paddington 2021
AUSTRALIA,South Yarra,4 / 566 Chapel Street South Yarra 3141
AUSTRALIA,SYDNEY CBD,"Westfield Sydney CBD, Level 4 Sydney 2000"
AUSTRALIA,SYDNEY OUTLET,"Unit 1, 108 Dunning Ave Rosebery 2018"
AUSTRALIA,Warringah Mall,"Westfield Warringah Mall, Ground Floor Brookvale 2100"
UNITED STATES,Americana Manhasset,"Space 2036A, Americana Manhasset Shopping Centre , 2110 Northern Blvd, 11030"
UNITED STATES,BAL HARBOUR,"Store 250, Bal Harbour Shops, 9700 Collins Ave, 33154"
UNITED STATES,Dallas,"Space P1-1308, NorthPark Center, 8687 North Central Expressway, 75255"
UNITED STATES,East Hampton,"27 Newtown Ln, East Hampton, NY 11937"
UNITED STATES,Honolulu,1450 Ala Moana Blvd Suite 2600
UNITED STATES,Houston,"Space B-110, River Oaks District, 4444 Westheimer Rd, Houston, TX 77027"
UNITED STATES,Madison Avenue,"Ground floor, 28 East 73rd Street and 900-908 Madison Avenue, 10021"
UNITED STATES,Meatpacking,"652 Hudson Street, Ground Level New York 10014"
UNITED STATES,Melrose Place,8468 Melrose Place West Hollywood 90069
UNITED STATES,Miami Design District,"184 NE 40th Street, Miami, FL"
UNITED STATES,Naples US,"G-14 Waterside at Pelican Bay LLC, 5415 Tamiami Trail N, 34108"
UNITED STATES,Pacific Palisades,"Space 5-101, Palisades Village, N Swarthmore Ave, 90272"
UNITED STATES,Palm Beach,"Suite M318, The Royal Poinciana Plaza, 340 Royal Poinciana Way, 33480"
UNITED STATES,San Francisco,"458-460 Jackson St, San Francisco, 94111"
UNITED STATES,Short Hills,"Suite C238, 1200 Morris Turnpike, Short Hills NJ, 07078"
UNITED STATES,SOHO,"Ground Floor, 55 Mercer Street. 10013"
UNITED STATES,South Coast Plaza,"Suite 1243, South Coast Plaza, 3333 Bristol St, 92626"
UNITED STATES,Southampton,"25 Main St, Southampton, NY 11968, United States"
UNITED STATES,Tampa,"Suite H1620, Hyde Park Village, 1602 W Snow Cir, 33606"
UNITED STATES,Woodbury Outlet,"Unit 0327A Woodbury Common Premium Outlets, 498 Red Apple Ct, 10917"
UNITED STATES,Wynn Plaza,"Space 107, 3131 Las Vegas Blvd South, 89109"
UK & EUROPE,Barcelona,"Passeig de Gracia, 42"
UK & EUROPE,Cannes,11 Rue Des Etats-Unis
UK & EUROPE,Capri,"Via Vittorio Emanuele, 30"
UK & EUROPE,Florence,"Via De' Tornabuoni 7R, 9R  e 1, Florence, Italy 50123"
UK & EUROPE,Forte Dei Marmi,"Piazzetta Tonini, 12"
UK & EUROPE,Madrid,"Calle de Serrano, 22, 28001 Madrid, Spain"
UK & EUROPE,MAYFAIR,"23A Bruton Street Mayfair, London W1J 6QG"
UK & EUROPE,Milan,"Via Santo Spirito, 19"
UK & EUROPE,Paris,"29 Rue Francois 1er, Paris 75008"
UK & EUROPE,Puerto Banus,"Edificio OPQ, Planta Baja, Local 3,  Calle de la Ribera,  29660"
UK & EUROPE,Rome,"Via Borgognona, 32A"
UK & EUROPE,Serravalle,"Unit 14, Via della Moda 1,  15069 Serravalle Scrivia AL"
UK & EUROPE,St Tropez,"58, Rue Francois Sibilli Saint-Tropez 83990"
